building,mean,min,max,sum
buildingA,142.8181818181818,110,170,1571
buildingB,214.0909090909091,185,240,2355
